WKT,name,description
"POLYGON ((17.790548 59.7246883, 17.7905721 59.7246579, 17.7910737 59.7247546, 17.7910469 59.7247836, 17.790548 59.7246883))",Middle of Parking
,
